"station","site","bay","temp.c","julian","year","species","age.1","age.0"
1,"Ugak-1","Ugak",12,186,"2018","Pacific cod",0,0
1,"Ugak-1","Ugak",12,186,"2018","walleye pollock",0,0
2,"Ugak-2","Ugak",11.9,186,"2018","Pacific cod",0,1
2,"Ugak-2","Ugak",11.9,186,"2018","walleye pollock",0,0
3,"Ugak-3","Ugak",13.2,186,"2018","Pacific cod",0,11
3,"Ugak-3","Ugak",13.2,186,"2018","walleye pollock",0,0
4,"Ugak-4","Ugak",8.3,186,"2018","Pacific cod",0,1
4,"Ugak-4","Ugak",8.3,186,"2018","walleye pollock",0,0
5,"Ugak-5","Ugak",12.5,186,"2018","Pacific cod",0,21
5,"Ugak-5","Ugak",12.5,186,"2018","walleye pollock",0,0
6,"Ugak-6","Ugak",11.9,186,"2018","Pacific cod",0,103
6,"Ugak-6","Ugak",11.9,186,"2018","walleye pollock",0,0
7,"Kilu-1","Kiluida",14.3,188,"2018","Pacific cod",0,0
7,"Kilu-1","Kiluida",14.3,188,"2018","walleye pollock",0,0
8,"Kilu-2","Kiluida",16.2,188,"2018","Pacific cod",0,0
8,"Kilu-2","Kiluida",16.2,188,"2018","walleye pollock",0,0
9,"Kilu-3","Kiluida",15.9,188,"2018","Pacific cod",0,13
9,"Kilu-3","Kiluida",15.9,188,"2018","walleye pollock",0,0
10,"Kilu-4","Kiluida",16.9,188,"2018","Pacific cod",0,4
10,"Kilu-4","Kiluida",16.9,188,"2018","walleye pollock",0,0
11,"Kilu-5","Kiluida",15,188,"2018","Pacific cod",0,5
11,"Kilu-5","Kiluida",15,188,"2018","walleye pollock",0,0
12,"Kilu-6","Kiluida",15,188,"2018","Pacific cod",0,0
12,"Kilu-6","Kiluida",15,188,"2018","walleye pollock",0,0
13,"Kilu-7","Kiluida",15.7,188,"2018","Pacific cod",0,2
13,"Kilu-7","Kiluida",15.7,188,"2018","walleye pollock",0,0
14,"Kai-1","Kaiugnak",10.5,190,"2018","Pacific cod",0,2
14,"Kai-1","Kaiugnak",10.5,190,"2018","walleye pollock",0,0
15,"Kai-2","Kaiugnak",10.7,190,"2018","Pacific cod",6,7
15,"Kai-2","Kaiugnak",10.7,190,"2018","walleye pollock",0,0
16,"Kai-3","Kaiugnak",10.5,190,"2018","Pacific cod",1,18
16,"Kai-3","Kaiugnak",10.5,190,"2018","walleye pollock",0,0
17,"Kai-4","Kaiugnak",10.4,190,"2018","Pacific cod",0,45
17,"Kai-4","Kaiugnak",10.4,190,"2018","walleye pollock",0,0
18,"Kai-5","Kaiugnak",9.1,190,"2018","Pacific cod",0,13
18,"Kai-5","Kaiugnak",9.1,190,"2018","walleye pollock",0,0
19,"Kai-6","Kaiugnak",10.4,190,"2018","Pacific cod",1,6
19,"Kai-6","Kaiugnak",10.4,190,"2018","walleye pollock",0,0
20,"Jap-1","Japanese",10.6,192,"2018","Pacific cod",0,407
20,"Jap-1","Japanese",10.6,192,"2018","walleye pollock",0,0
21,"Jap-2","Japanese",11,192,"2018","Pacific cod",0,302
21,"Jap-2","Japanese",11,192,"2018","walleye pollock",0,0
22,"Jap-3","Japanese",10.4,192,"2018","Pacific cod",0,345
22,"Jap-3","Japanese",10.4,192,"2018","walleye pollock",0,0
23,"Jap-4","Japanese",11.3,192,"2018","Pacific cod",0,1
23,"Jap-4","Japanese",11.3,192,"2018","walleye pollock",0,0
24,"Jap-5","Japanese",12.6,192,"2018","Pacific cod",0,42
24,"Jap-5","Japanese",12.6,192,"2018","walleye pollock",0,0
25,"Jap-6","Japanese",12.7,192,"2018","Pacific cod",0,47
25,"Jap-6","Japanese",12.7,192,"2018","walleye pollock",0,0
26,"RR-1","Rodman Reach",10.5,195,"2018","Pacific cod",0,17
26,"RR-1","Rodman Reach",10.5,195,"2018","walleye pollock",0,0
27,"RR-2","Rodman Reach",10.8,195,"2018","Pacific cod",0,16
27,"RR-2","Rodman Reach",10.8,195,"2018","walleye pollock",0,0
28,"RR-3","Rodman Reach",10.6,195,"2018","Pacific cod",0,379
28,"RR-3","Rodman Reach",10.6,195,"2018","walleye pollock",0,0
29,"RR-4","Rodman Reach",10.5,195,"2018","Pacific cod",0,44
29,"RR-4","Rodman Reach",10.5,195,"2018","walleye pollock",0,0
30,"RR-5","Rodman Reach",10.8,195,"2018","Pacific cod",0,0
30,"RR-5","Rodman Reach",10.8,195,"2018","walleye pollock",0,0
31,"RR-6","Rodman Reach",10.7,195,"2018","Pacific cod",0,54
31,"RR-6","Rodman Reach",10.7,195,"2018","walleye pollock",0,0
32,"AG-1","Agripina",10.1,197,"2018","Pacific cod",0,103
32,"AG-1","Agripina",10.1,197,"2018","walleye pollock",0,0
33,"AG-2","Agripina",9.2,197,"2018","Pacific cod",0,200
33,"AG-2","Agripina",9.2,197,"2018","walleye pollock",0,0
34,"AG-3","Agripina",10.6,197,"2018","Pacific cod",0,643
34,"AG-3","Agripina",10.6,197,"2018","walleye pollock",0,2
35,"AG-4","Agripina",11.8,197,"2018","Pacific cod",0,835
35,"AG-4","Agripina",11.8,197,"2018","walleye pollock",0,1
36,"AG-5","Agripina",12,197,"2018","Pacific cod",0,807
36,"AG-5","Agripina",12,197,"2018","walleye pollock",0,6
37,"AG-6","Agripina",12.3,197,"2018","Pacific cod",0,2
37,"AG-6","Agripina",12.3,197,"2018","walleye pollock",0,0
38,"PW-1","Port Wrangell",8.6,198,"2018","Pacific cod",0,558
38,"PW-1","Port Wrangell",8.6,198,"2018","walleye pollock",0,3144
39,"PW-2","Port Wrangell",8.7,198,"2018","Pacific cod",0,552
39,"PW-2","Port Wrangell",8.7,198,"2018","walleye pollock",0,3630
40,"PW-3","Port Wrangell",9.5,198,"2018","Pacific cod",0,477
40,"PW-3","Port Wrangell",9.5,198,"2018","walleye pollock",0,2277
41,"PW-4","Port Wrangell",11.2,198,"2018","Pacific cod",0,311
41,"PW-4","Port Wrangell",11.2,198,"2018","walleye pollock",0,8
46,"Mit-1","Mitrofania",9.5,203,"2018","Pacific cod",5,70
46,"Mit-1","Mitrofania",9.5,203,"2018","walleye pollock",17,118
47,"Mit-2","Mitrofania",9.7,203,"2018","Pacific cod",0,72
47,"Mit-2","Mitrofania",9.7,203,"2018","walleye pollock",0,10
48,"Mit-3","Mitrofania",10.9,203,"2018","Pacific cod",0,55
48,"Mit-3","Mitrofania",10.9,203,"2018","walleye pollock",0,2
49,"Mit-4","Mitrofania",10.5,203,"2018","Pacific cod",0,131
49,"Mit-4","Mitrofania",10.5,203,"2018","walleye pollock",0,5
50,"Mit-5","Mitrofania",10.1,203,"2018","Pacific cod",0,123
50,"Mit-5","Mitrofania",10.1,203,"2018","walleye pollock",0,3
51,"Mit-6","Mitrofania",10.5,203,"2018","Pacific cod",0,16
51,"Mit-6","Mitrofania",10.5,203,"2018","walleye pollock",0,208
52,"Fox-1","Fox",9.3,205,"2018","Pacific cod",0,389
52,"Fox-1","Fox",9.3,205,"2018","walleye pollock",4,3
53,"Fox-2","Fox",9.7,205,"2018","Pacific cod",0,129
53,"Fox-2","Fox",9.7,205,"2018","walleye pollock",0,1
54,"Fox-3","Fox",10.4,205,"2018","Pacific cod",0,276
54,"Fox-3","Fox",10.4,205,"2018","walleye pollock",0,0
55,"Fox-4","Fox",11,205,"2018","Pacific cod",0,26
55,"Fox-4","Fox",11,205,"2018","walleye pollock",0,0
56,"Fox-5","Fox",11.1,205,"2018","Pacific cod",0,12
56,"Fox-5","Fox",11.1,205,"2018","walleye pollock",0,0
57,"Sand-1","Sand Point",10.5,207,"2018","Pacific cod",0,2
57,"Sand-1","Sand Point",10.5,207,"2018","walleye pollock",0,0
58,"Sand-2","Sand Point",10,207,"2018","Pacific cod",0,395
58,"Sand-2","Sand Point",10,207,"2018","walleye pollock",0,0
59,"Sand-3","Sand Point",10,207,"2018","Pacific cod",0,316
59,"Sand-3","Sand Point",10,207,"2018","walleye pollock",0,0
60,"Fal-1","Falmouth",9.1,210,"2018","Pacific cod",0,406
60,"Fal-1","Falmouth",9.1,210,"2018","walleye pollock",0,0
61,"Fal-2","Falmouth",9.3,210,"2018","Pacific cod",0,224
61,"Fal-2","Falmouth",9.3,210,"2018","walleye pollock",0,0
62,"Fal-3","Falmouth",9.1,210,"2018","Pacific cod",0,118
62,"Fal-3","Falmouth",9.1,210,"2018","walleye pollock",0,1
63,"Fal-4","Falmouth",9.3,211,"2018","Pacific cod",0,1324
63,"Fal-4","Falmouth",9.3,211,"2018","walleye pollock",0,44
64,"Fal-5","Falmouth",9.5,211,"2018","Pacific cod",0,111
64,"Fal-5","Falmouth",9.5,211,"2018","walleye pollock",0,0
65,"Bar-1","Baralof",9,213,"2018","Pacific cod",0,257
65,"Bar-1","Baralof",9,213,"2018","walleye pollock",0,0
66,"Bar-2","Baralof",9.4,213,"2018","Pacific cod",0,420
66,"Bar-2","Baralof",9.4,213,"2018","walleye pollock",0,0
67,"Bar-3","Baralof",9.2,213,"2018","Pacific cod",0,667
67,"Bar-3","Baralof",9.2,213,"2018","walleye pollock",0,0
68,"Bar-4","Baralof",8.7,213,"2018","Pacific cod",0,304
68,"Bar-4","Baralof",8.7,213,"2018","walleye pollock",0,0
69,"Bar-5","Baralof",9.3,213,"2018","Pacific cod",0,183
69,"Bar-5","Baralof",9.3,213,"2018","walleye pollock",0,0
70,"Bar-6","Baralof",9.8,213,"2018","Pacific cod",0,87
70,"Bar-6","Baralof",9.8,213,"2018","walleye pollock",0,0
71,"BB-1","Balboa",12.2,217,"2018","Pacific cod",0,6
71,"BB-1","Balboa",12.2,217,"2018","walleye pollock",0,0
72,"BB-2","Balboa",12,217,"2018","Pacific cod",0,86
72,"BB-2","Balboa",12,217,"2018","walleye pollock",0,0
73,"BB-3","Balboa",10.7,217,"2018","Pacific cod",0,20
73,"BB-3","Balboa",10.7,217,"2018","walleye pollock",0,0
74,"BB-4","Balboa",12.5,217,"2018","Pacific cod",0,294
74,"BB-4","Balboa",12.5,217,"2018","walleye pollock",0,0
75,"BB-5","Balboa",12,217,"2018","Pacific cod",0,2
75,"BB-5","Balboa",12,217,"2018","walleye pollock",0,0
76,"BB-6","Balboa",13.5,217,"2018","Pacific cod",0,542
76,"BB-6","Balboa",13.5,217,"2018","walleye pollock",0,0
77,"Fox-4","Fox",12.5,219,"2018","Pacific cod",0,0
77,"Fox-4","Fox",12.5,219,"2018","walleye pollock",0,0
78,"Fox-5","Fox",12.9,219,"2018","Pacific cod",0,0
78,"Fox-5","Fox",12.9,219,"2018","walleye pollock",0,0
79,"Fox-1","Fox",14.3,219,"2018","Pacific cod",0,147
79,"Fox-1","Fox",14.3,219,"2018","walleye pollock",2,0
80,"Fox-2","Fox",13.9,219,"2018","Pacific cod",0,17
80,"Fox-2","Fox",13.9,219,"2018","walleye pollock",0,0
81,"Fox-3","Fox",14.5,219,"2018","Pacific cod",0,33
81,"Fox-3","Fox",14.5,219,"2018","walleye pollock",0,0
82,"Mit-1","Mitrofania",10.5,221,"2018","Pacific cod",0,172
82,"Mit-1","Mitrofania",10.5,221,"2018","walleye pollock",0,87
83,"Mit-2","Mitrofania",11.6,221,"2018","Pacific cod",0,19
83,"Mit-2","Mitrofania",11.6,221,"2018","walleye pollock",1,32
84,"Mit-3","Mitrofania",11.6,221,"2018","Pacific cod",1,308
84,"Mit-3","Mitrofania",11.6,221,"2018","walleye pollock",0,26
85,"Mit-6","Mitrofania",12.5,221,"2018","Pacific cod",0,8
85,"Mit-6","Mitrofania",12.5,221,"2018","walleye pollock",0,69
86,"Mit-4","Mitrofania",12.4,221,"2018","Pacific cod",0,6
86,"Mit-4","Mitrofania",12.4,221,"2018","walleye pollock",0,3
87,"Mit-5","Mitrofania",13.2,221,"2018","Pacific cod",0,39
87,"Mit-5","Mitrofania",13.2,221,"2018","walleye pollock",0,0
88,"PW-3","Port Wrangell",7.9,226,"2018","Pacific cod",0,0
88,"PW-3","Port Wrangell",7.9,226,"2018","walleye pollock",0,0
89,"PW-2","Port Wrangell",8,226,"2018","Pacific cod",0,29
89,"PW-2","Port Wrangell",8,226,"2018","walleye pollock",0,0
90,"PW-1","Port Wrangell",7.5,226,"2018","Pacific cod",0,263
90,"PW-1","Port Wrangell",7.5,226,"2018","walleye pollock",0,2
91,"PW-4","Port Wrangell",9.1,226,"2018","Pacific cod",0,459
91,"PW-4","Port Wrangell",9.1,226,"2018","walleye pollock",0,2172
92,"AG-1","Agripina",NA,227,"2018","Pacific cod",0,427
92,"AG-1","Agripina",NA,227,"2018","walleye pollock",0,0
93,"AG-2","Agripina",9.1,227,"2018","Pacific cod",0,8
93,"AG-2","Agripina",9.1,227,"2018","walleye pollock",0,1
94,"AG-4","Agripina",8.4,227,"2018","Pacific cod",0,11
94,"AG-4","Agripina",8.4,227,"2018","walleye pollock",0,0
95,"AG-3","Agripina",9.4,227,"2018","Pacific cod",0,278
95,"AG-3","Agripina",9.4,227,"2018","walleye pollock",0,25
96,"AG-5","Agripina",9.4,227,"2018","Pacific cod",0,590
96,"AG-5","Agripina",9.4,227,"2018","walleye pollock",0,592
97,"AG-6","Agripina",9.3,227,"2018","Pacific cod",0,0
97,"AG-6","Agripina",9.3,227,"2018","walleye pollock",0,0
98,"RR-1","Rodman Reach",11.8,229,"2018","Pacific cod",0,35
98,"RR-1","Rodman Reach",11.8,229,"2018","walleye pollock",0,3
99,"RR-4","Rodman Reach",12.4,229,"2018","Pacific cod",0,62
99,"RR-4","Rodman Reach",12.4,229,"2018","walleye pollock",0,13
100,"RR-5","Rodman Reach",12.4,229,"2018","Pacific cod",0,0
100,"RR-5","Rodman Reach",12.4,229,"2018","walleye pollock",0,0
101,"RR-6","Rodman Reach",12.4,232,"2018","Pacific cod",0,28
101,"RR-6","Rodman Reach",12.4,232,"2018","walleye pollock",0,0
102,"RR-2","Rodman Reach",12.4,232,"2018","Pacific cod",0,16
102,"RR-2","Rodman Reach",12.4,232,"2018","walleye pollock",0,0
103,"Jap-5","Japanese",12,234,"2018","Pacific cod",0,0
103,"Jap-5","Japanese",12,234,"2018","walleye pollock",0,0
104,"Jap-4","Japanese",11.5,234,"2018","Pacific cod",0,5
104,"Jap-4","Japanese",11.5,234,"2018","walleye pollock",0,0
105,"Jap-1","Japanese",12,234,"2018","Pacific cod",0,182
105,"Jap-1","Japanese",12,234,"2018","walleye pollock",0,0
106,"Jap-6","Japanese",11.7,234,"2018","Pacific cod",0,459
106,"Jap-6","Japanese",11.7,234,"2018","walleye pollock",0,5
107,"Jap-2","Japanese",11.7,234,"2018","Pacific cod",0,0
107,"Jap-2","Japanese",11.7,234,"2018","walleye pollock",0,0
108,"Jap-3","Japanese",11.4,234,"2018","Pacific cod",0,0
108,"Jap-3","Japanese",11.4,234,"2018","walleye pollock",0,0
109,"Jap-7","Japanese",11.5,234,"2018","Pacific cod",0,1
109,"Jap-7","Japanese",11.5,234,"2018","walleye pollock",0,0
110,"Kai-1","Kaiugnak",9.8,236,"2018","Pacific cod",0,591
110,"Kai-1","Kaiugnak",9.8,236,"2018","walleye pollock",13,97
111,"Kai-2","Kaiugnak",10,236,"2018","Pacific cod",3,406
111,"Kai-2","Kaiugnak",10,236,"2018","walleye pollock",3,50
112,"Kai-3","Kaiugnak",10,236,"2018","Pacific cod",4,87
112,"Kai-3","Kaiugnak",10,236,"2018","walleye pollock",0,0
113,"Kai-6","Kaiugnak",10.1,236,"2018","Pacific cod",0,1
113,"Kai-6","Kaiugnak",10.1,236,"2018","walleye pollock",0,0
114,"Kai-4","Kaiugnak",9.9,236,"2018","Pacific cod",0,5
114,"Kai-4","Kaiugnak",9.9,236,"2018","walleye pollock",0,0
116,"Kai-7","Kaiugnak",10.6,236,"2018","Pacific cod",0,3
116,"Kai-7","Kaiugnak",10.6,236,"2018","walleye pollock",0,0
118,"Kilu-5","Kiluida",10.3,238,"2018","Pacific cod",0,144
118,"Kilu-5","Kiluida",10.3,238,"2018","walleye pollock",0,2
119,"Kilu-1","Kiluida",11.6,238,"2018","Pacific cod",0,65
119,"Kilu-1","Kiluida",11.6,238,"2018","walleye pollock",0,0
120,"Kilu-4","Kiluida",11.8,238,"2018","Pacific cod",0,64
120,"Kilu-4","Kiluida",11.8,238,"2018","walleye pollock",0,0
121,"Kilu-8","Kiluida",12.2,238,"2018","Pacific cod",0,94
121,"Kilu-8","Kiluida",12.2,238,"2018","walleye pollock",0,0
122,"Kilu-9","Kiluida",10.9,238,"2018","Pacific cod",0,1
122,"Kilu-9","Kiluida",10.9,238,"2018","walleye pollock",0,0
123,"Ugak-5","Ugak",9.3,240,"2018","Pacific cod",0,1
123,"Ugak-5","Ugak",9.3,240,"2018","walleye pollock",0,1
124,"Ugak-6","Ugak",8.7,240,"2018","Pacific cod",0,0
124,"Ugak-6","Ugak",8.7,240,"2018","walleye pollock",0,0
125,"Ugak-3","Ugak",9.8,240,"2018","Pacific cod",0,0
125,"Ugak-3","Ugak",9.8,240,"2018","walleye pollock",0,0
126,"Ugak-2","Ugak",8.4,240,"2018","Pacific cod",0,1
126,"Ugak-2","Ugak",8.4,240,"2018","walleye pollock",0,0
127,"Ugak-1","Ugak",11.8,240,"2018","Pacific cod",0,0
127,"Ugak-1","Ugak",11.8,240,"2018","walleye pollock",0,0
128,"Ugak-7","Ugak",11.2,240,"2018","Pacific cod",0,0
128,"Ugak-7","Ugak",11.2,240,"2018","walleye pollock",0,0
129,"Ugak-4","Ugak",12.4,240,"2018","Pacific cod",0,4
129,"Ugak-4","Ugak",12.4,240,"2018","walleye pollock",2,0
130,"Ugak-8","Ugak",11.7,240,"2018","Pacific cod",0,3
130,"Ugak-8","Ugak",11.7,240,"2018","walleye pollock",0,0
131,"AG-1","Agripina",11.5,188,"2019","Pacific cod",0,2
131,"AG-1","Agripina",11.5,188,"2019","walleye pollock",0,0
132,"AG-2","Agripina",12.6,188,"2019","Pacific cod",0,5
132,"AG-2","Agripina",12.6,188,"2019","walleye pollock",0,0
133,"AG-5","Agripina",12.3,188,"2019","Pacific cod",0,31
133,"AG-5","Agripina",12.3,188,"2019","walleye pollock",0,0
134,"AG-3","Agripina",12.1,188,"2019","Pacific cod",0,6
134,"AG-3","Agripina",12.1,188,"2019","walleye pollock",0,0
135,"AG-4","Agripina",11.8,188,"2019","Pacific cod",0,0
135,"AG-4","Agripina",11.8,188,"2019","walleye pollock",0,0
136,"AG-6","Agripina",17.7,188,"2019","Pacific cod",0,0
136,"AG-6","Agripina",17.7,188,"2019","walleye pollock",0,0
137,"PW-3","Port Wrangell",11,190,"2019","Pacific cod",0,0
137,"PW-3","Port Wrangell",11,190,"2019","walleye pollock",0,0
138,"PW-2","Port Wrangell",12.4,190,"2019","Pacific cod",0,1
138,"PW-2","Port Wrangell",12.4,190,"2019","walleye pollock",0,0
139,"PW-1","Port Wrangell",12.6,190,"2019","Pacific cod",0,0
139,"PW-1","Port Wrangell",12.6,190,"2019","walleye pollock",0,0
140,"PW-4","Port Wrangell",15.1,190,"2019","Pacific cod",0,0
140,"PW-4","Port Wrangell",15.1,190,"2019","walleye pollock",0,0
141,"Mit-1","Mitrofania",11.1,193,"2019","Pacific cod",0,4
141,"Mit-1","Mitrofania",11.1,193,"2019","walleye pollock",0,0
142,"Mit-2","Mitrofania",12.4,193,"2019","Pacific cod",0,1
142,"Mit-2","Mitrofania",12.4,193,"2019","walleye pollock",0,0
143,"Mit-3","Mitrofania",13.2,193,"2019","Pacific cod",0,44
143,"Mit-3","Mitrofania",13.2,193,"2019","walleye pollock",0,7
144,"Mit-5","Mitrofania",13.8,193,"2019","Pacific cod",0,0
144,"Mit-5","Mitrofania",13.8,193,"2019","walleye pollock",0,0
145,"Mit-6","Mitrofania",13.8,193,"2019","Pacific cod",0,5
145,"Mit-6","Mitrofania",13.8,193,"2019","walleye pollock",0,0
146,"Mit-4","Mitrofania",14.3,193,"2019","Pacific cod",0,1
146,"Mit-4","Mitrofania",14.3,193,"2019","walleye pollock",0,0
147,"Fox-5","Fox",15.5,195,"2019","Pacific cod",0,0
147,"Fox-5","Fox",15.5,195,"2019","walleye pollock",0,0
148,"Fox-1","Fox",12.8,195,"2019","Pacific cod",0,0
148,"Fox-1","Fox",12.8,195,"2019","walleye pollock",0,0
149,"Fox-2","Fox",12.9,195,"2019","Pacific cod",0,0
149,"Fox-2","Fox",12.9,195,"2019","walleye pollock",0,0
150,"Fox-3","Fox",12.8,195,"2019","Pacific cod",0,0
150,"Fox-3","Fox",12.8,195,"2019","walleye pollock",0,0
151,"Fox-4","Fox",12.1,195,"2019","Pacific cod",0,0
151,"Fox-4","Fox",12.1,195,"2019","walleye pollock",0,0
152,"BB-2","Balboa",13.3,198,"2019","Pacific cod",0,3
152,"BB-2","Balboa",13.3,198,"2019","walleye pollock",0,27
153,"BB-3","Balboa",13.6,198,"2019","Pacific cod",0,0
153,"BB-3","Balboa",13.6,198,"2019","walleye pollock",0,0
154,"BB-4","Balboa",13.6,198,"2019","Pacific cod",0,2
154,"BB-4","Balboa",13.6,198,"2019","walleye pollock",0,1
155,"BB-7","Balboa",13.9,198,"2019","Pacific cod",0,0
155,"BB-7","Balboa",13.9,198,"2019","walleye pollock",0,23
156,"BB-6","Balboa",14.2,198,"2019","Pacific cod",0,0
156,"BB-6","Balboa",14.2,198,"2019","walleye pollock",0,0
157,"BB-1","Balboa",14.3,198,"2019","Pacific cod",0,0
157,"BB-1","Balboa",14.3,198,"2019","walleye pollock",0,0
158,"Sand-2","Sand Point",11.8,202,"2019","Pacific cod",0,7
158,"Sand-2","Sand Point",11.8,202,"2019","walleye pollock",0,0
159,"Sand-3","Sand Point",12.3,202,"2019","Pacific cod",0,1
159,"Sand-3","Sand Point",12.3,202,"2019","walleye pollock",0,0
160,"Fal-1","Falmouth",11.5,204,"2019","Pacific cod",0,0
160,"Fal-1","Falmouth",11.5,204,"2019","walleye pollock",0,0
161,"Fal-2","Falmouth",11.1,204,"2019","Pacific cod",0,0
161,"Fal-2","Falmouth",11.1,204,"2019","walleye pollock",0,0
162,"Fal-3","Falmouth",10.8,204,"2019","Pacific cod",0,5
162,"Fal-3","Falmouth",10.8,204,"2019","walleye pollock",0,0
163,"Fal-4","Falmouth",10.7,204,"2019","Pacific cod",0,0
163,"Fal-4","Falmouth",10.7,204,"2019","walleye pollock",0,1
164,"Fal-5","Falmouth",11.9,204,"2019","Pacific cod",0,0
164,"Fal-5","Falmouth",11.9,204,"2019","walleye pollock",0,0
165,"Bar-1","Baralof",12.2,206,"2019","Pacific cod",0,0
165,"Bar-1","Baralof",12.2,206,"2019","walleye pollock",0,0
166,"Bar-3","Baralof",11.5,206,"2019","Pacific cod",0,0
166,"Bar-3","Baralof",11.5,206,"2019","walleye pollock",0,0
167,"Bar-2","Baralof",11.8,206,"2019","Pacific cod",0,0
167,"Bar-2","Baralof",11.8,206,"2019","walleye pollock",0,0
168,"Bar-6","Baralof",11.7,206,"2019","Pacific cod",0,0
168,"Bar-6","Baralof",11.7,206,"2019","walleye pollock",0,0
169,"Bar-4","Baralof",12.1,206,"2019","Pacific cod",0,0
169,"Bar-4","Baralof",12.1,206,"2019","walleye pollock",4,0
170,"Bar-5","Baralof",12.1,206,"2019","Pacific cod",0,0
170,"Bar-5","Baralof",12.1,206,"2019","walleye pollock",0,0
171,"RR-3","Rodman Reach",13.4,212,"2019","Pacific cod",0,3
171,"RR-3","Rodman Reach",13.4,212,"2019","walleye pollock",1,0
172,"RR-5","Rodman Reach",14.1,212,"2019","Pacific cod",0,0
172,"RR-5","Rodman Reach",14.1,212,"2019","walleye pollock",0,0
173,"RR-6","Rodman Reach",13.7,212,"2019","Pacific cod",0,0
173,"RR-6","Rodman Reach",13.7,212,"2019","walleye pollock",0,1
174,"RR-4","Rodman Reach",14.9,212,"2019","Pacific cod",0,8
174,"RR-4","Rodman Reach",14.9,212,"2019","walleye pollock",0,0
175,"RR-1","Rodman Reach",13.9,212,"2019","Pacific cod",0,0
175,"RR-1","Rodman Reach",13.9,212,"2019","walleye pollock",0,0
176,"RR-2","Rodman Reach",13.3,212,"2019","Pacific cod",0,1
176,"RR-2","Rodman Reach",13.3,212,"2019","walleye pollock",0,1
177,"Jap-7","Japanese",12,218,"2019","Pacific cod",0,0
177,"Jap-7","Japanese",12,218,"2019","walleye pollock",0,0
178,"Jap-2","Japanese",12.1,218,"2019","Pacific cod",0,0
178,"Jap-2","Japanese",12.1,218,"2019","walleye pollock",0,0
179,"Jap-3","Japanese",12.2,218,"2019","Pacific cod",1,0
179,"Jap-3","Japanese",12.2,218,"2019","walleye pollock",0,0
180,"Jap-1","Japanese",13,218,"2019","Pacific cod",0,0
180,"Jap-1","Japanese",13,218,"2019","walleye pollock",0,0
181,"Jap-6","Japanese",12.8,218,"2019","Pacific cod",7,0
181,"Jap-6","Japanese",12.8,218,"2019","walleye pollock",0,0
182,"Jap-5","Japanese",13.8,218,"2019","Pacific cod",0,2
182,"Jap-5","Japanese",13.8,218,"2019","walleye pollock",0,0
183,"Jap-4","Japanese",12.2,218,"2019","Pacific cod",0,0
183,"Jap-4","Japanese",12.2,218,"2019","walleye pollock",0,0
184,"Kai-1","Kaiugnak",10.4,219,"2019","Pacific cod",0,0
184,"Kai-1","Kaiugnak",10.4,219,"2019","walleye pollock",0,0
185,"Kai-2","Kaiugnak",10.7,219,"2019","Pacific cod",0,32
185,"Kai-2","Kaiugnak",10.7,219,"2019","walleye pollock",0,0
186,"Kai-3","Kaiugnak",11.9,219,"2019","Pacific cod",0,71
186,"Kai-3","Kaiugnak",11.9,219,"2019","walleye pollock",0,0
187,"Kai-6","Kaiugnak",11.9,220,"2019","Pacific cod",0,5
187,"Kai-6","Kaiugnak",11.9,220,"2019","walleye pollock",0,0
188,"Kai-7","Kaiugnak",12.4,220,"2019","Pacific cod",0,0
188,"Kai-7","Kaiugnak",12.4,220,"2019","walleye pollock",0,0
189,"Kai-4","Kaiugnak",10.9,220,"2019","Pacific cod",0,0
189,"Kai-4","Kaiugnak",10.9,220,"2019","walleye pollock",0,0
190,"Kilu-1","Kiluida",15.7,222,"2019","Pacific cod",0,0
190,"Kilu-1","Kiluida",15.7,222,"2019","walleye pollock",0,0
191,"Kilu-2","Kiluida",16.5,222,"2019","Pacific cod",0,0
191,"Kilu-2","Kiluida",16.5,222,"2019","walleye pollock",0,0
192,"Kilu-4","Kiluida",16.8,222,"2019","Pacific cod",0,0
192,"Kilu-4","Kiluida",16.8,222,"2019","walleye pollock",0,0
193,"Kilu-5","Kiluida",13.9,222,"2019","Pacific cod",0,0
193,"Kilu-5","Kiluida",13.9,222,"2019","walleye pollock",0,0
194,"Kilu-6","Kiluida",14.1,222,"2019","Pacific cod",0,0
194,"Kilu-6","Kiluida",14.1,222,"2019","walleye pollock",0,0
195,"Kilu-3","Kiluida",15.4,222,"2019","Pacific cod",0,0
195,"Kilu-3","Kiluida",15.4,222,"2019","walleye pollock",0,0
196,"Ugak-7","Ugak",19.5,226,"2019","Pacific cod",0,0
196,"Ugak-7","Ugak",19.5,226,"2019","walleye pollock",0,0
197,"Ugak-2","Ugak",19.1,226,"2019","Pacific cod",0,0
197,"Ugak-2","Ugak",19.1,226,"2019","walleye pollock",0,0
198,"Ugak-3","Ugak",18.6,226,"2019","Pacific cod",0,0
198,"Ugak-3","Ugak",18.6,226,"2019","walleye pollock",0,0
199,"Ugak-4","Ugak",18.1,226,"2019","Pacific cod",0,0
199,"Ugak-4","Ugak",18.1,226,"2019","walleye pollock",0,0
200,"Ugak-8","Ugak",18.9,226,"2019","Pacific cod",0,0
200,"Ugak-8","Ugak",18.9,226,"2019","walleye pollock",0,0
201,"Ugak-5","Ugak",19.7,226,"2019","Pacific cod",0,0
201,"Ugak-5","Ugak",19.7,226,"2019","walleye pollock",0,0
202,"Ugak-6","Ugak",19.3,226,"2019","Pacific cod",0,0
202,"Ugak-6","Ugak",19.3,226,"2019","walleye pollock",0,0
203,"Laminaria North","Cooks",10.8,184,"2020","Pacific cod",0,16
203,"Laminaria North","Cooks",10.8,184,"2020","walleye pollock",0,0
204,"Eelgrass West","Cooks",10.6,184,"2020","Pacific cod",0,212
204,"Eelgrass West","Cooks",10.6,184,"2020","walleye pollock",0,220
205,"Laminaria East","Cooks",10.3,184,"2020","Pacific cod",0,204
205,"Laminaria East","Cooks",10.3,184,"2020","walleye pollock",0,0
206,"Eelgrass South","Cooks",10.3,184,"2020","Pacific cod",0,370
206,"Eelgrass South","Cooks",10.3,184,"2020","walleye pollock",0,55
207,"AG-1","Agripina",12.3,188,"2020","Pacific cod",0,328
207,"AG-1","Agripina",12.3,188,"2020","walleye pollock",0,0
208,"AG-2","Agripina",12.1,188,"2020","Pacific cod",0,381
208,"AG-2","Agripina",12.1,188,"2020","walleye pollock",0,78
209,"AG-5","Agripina",12,188,"2020","Pacific cod",0,615
209,"AG-5","Agripina",12,188,"2020","walleye pollock",0,331
210,"AG-3","Agripina",12.3,188,"2020","Pacific cod",0,2496
210,"AG-3","Agripina",12.3,188,"2020","walleye pollock",0,434
211,"AG-4","Agripina",12.1,188,"2020","Pacific cod",0,59
211,"AG-4","Agripina",12.1,188,"2020","walleye pollock",0,1
212,"AG-6","Agripina",13.9,188,"2020","Pacific cod",0,1
212,"AG-6","Agripina",13.9,188,"2020","walleye pollock",0,0
213,"PW-1","Port Wrangell",8.6,190,"2020","Pacific cod",0,1363
213,"PW-1","Port Wrangell",8.6,190,"2020","walleye pollock",0,2
214,"PW-2","Port Wrangell",8.8,190,"2020","Pacific cod",0,2076
214,"PW-2","Port Wrangell",8.8,190,"2020","walleye pollock",0,1224
215,"PW-3","Port Wrangell",9,190,"2020","Pacific cod",0,1122
215,"PW-3","Port Wrangell",9,190,"2020","walleye pollock",0,33
216,"PW-4","Port Wrangell",9.2,190,"2020","Pacific cod",0,323
216,"PW-4","Port Wrangell",9.2,190,"2020","walleye pollock",0,8
217,"Mit-1","Mitrofania",12.3,194,"2020","Pacific cod",0,93
217,"Mit-1","Mitrofania",12.3,194,"2020","walleye pollock",0,49
218,"Mit-2","Mitrofania",12.7,194,"2020","Pacific cod",0,37
218,"Mit-2","Mitrofania",12.7,194,"2020","walleye pollock",0,0
219,"Mit-3","Mitrofania",12.5,194,"2020","Pacific cod",0,143
219,"Mit-3","Mitrofania",12.5,194,"2020","walleye pollock",0,127
220,"Mit-4","Mitrofania",13,194,"2020","Pacific cod",0,29
220,"Mit-4","Mitrofania",13,194,"2020","walleye pollock",0,1
221,"Mit-5","Mitrofania",14.8,194,"2020","Pacific cod",0,0
221,"Mit-5","Mitrofania",14.8,194,"2020","walleye pollock",0,0
222,"Mit-6","Mitrofania",13.4,194,"2020","Pacific cod",0,10
222,"Mit-6","Mitrofania",13.4,194,"2020","walleye pollock",0,10
223,"Fox-1","Fox",12.4,196,"2020","Pacific cod",0,5
223,"Fox-1","Fox",12.4,196,"2020","walleye pollock",0,0
224,"Fox-2","Fox",13.5,196,"2020","Pacific cod",0,11
224,"Fox-2","Fox",13.5,196,"2020","walleye pollock",0,0
225,"Fox-3","Fox",13.1,196,"2020","Pacific cod",0,17
225,"Fox-3","Fox",13.1,196,"2020","walleye pollock",0,0
226,"Fox-4","Fox",12.2,196,"2020","Pacific cod",0,5
226,"Fox-4","Fox",12.2,196,"2020","walleye pollock",0,0
227,"Fox-5","Fox",13.1,196,"2020","Pacific cod",0,0
227,"Fox-5","Fox",13.1,196,"2020","walleye pollock",0,0
229,"BB-2","Balboa",12.7,199,"2020","Pacific cod",0,86
229,"BB-2","Balboa",12.7,199,"2020","walleye pollock",0,17
230,"BB-3","Balboa",13,199,"2020","Pacific cod",0,61
230,"BB-3","Balboa",13,199,"2020","walleye pollock",0,1
231,"BB-4","Balboa",12.4,199,"2020","Pacific cod",0,55
231,"BB-4","Balboa",12.4,199,"2020","walleye pollock",0,371
232,"BB-6","Balboa",13.1,199,"2020","Pacific cod",0,24
232,"BB-6","Balboa",13.1,199,"2020","walleye pollock",0,668
233,"BB-7","Balboa",13.7,199,"2020","Pacific cod",0,12
233,"BB-7","Balboa",13.7,199,"2020","walleye pollock",0,7
234,"Fal-1","Falmouth",12.3,201,"2020","Pacific cod",0,603
234,"Fal-1","Falmouth",12.3,201,"2020","walleye pollock",0,0
235,"Fal-5","Falmouth",12.2,201,"2020","Pacific cod",0,101
235,"Fal-5","Falmouth",12.2,201,"2020","walleye pollock",0,0
236,"Fal-3","Falmouth",12,201,"2020","Pacific cod",0,19
236,"Fal-3","Falmouth",12,201,"2020","walleye pollock",0,7
237,"Fal-4","Falmouth",12,201,"2020","Pacific cod",0,660
237,"Fal-4","Falmouth",12,201,"2020","walleye pollock",0,26
238,"Fal-2","Falmouth",12.2,201,"2020","Pacific cod",0,0
238,"Fal-2","Falmouth",12.2,201,"2020","walleye pollock",0,0
239,"Sand-2","Sand Point",11.9,202,"2020","Pacific cod",0,689
239,"Sand-2","Sand Point",11.9,202,"2020","walleye pollock",0,51
240,"Sand-3","Sand Point",12.2,202,"2020","Pacific cod",0,211
240,"Sand-3","Sand Point",12.2,202,"2020","walleye pollock",0,20
241,"Bar-2","Baralof",11.2,205,"2020","Pacific cod",0,59
241,"Bar-2","Baralof",11.2,205,"2020","walleye pollock",0,11
242,"Bar-3","Baralof",11,205,"2020","Pacific cod",0,861
242,"Bar-3","Baralof",11,205,"2020","walleye pollock",0,0
243,"Bar-4","Baralof",11.1,205,"2020","Pacific cod",0,33
243,"Bar-4","Baralof",11.1,205,"2020","walleye pollock",0,0
244,"Bar-5","Baralof",11,205,"2020","Pacific cod",0,83
244,"Bar-5","Baralof",11,205,"2020","walleye pollock",0,0
245,"Bar-1","Baralof",11.5,205,"2020","Pacific cod",0,77
245,"Bar-1","Baralof",11.5,205,"2020","walleye pollock",0,2
246,"Bar-6","Baralof",11.5,205,"2020","Pacific cod",0,4
246,"Bar-6","Baralof",11.5,205,"2020","walleye pollock",0,1
247,"RR-1","Rodman Reach",13.6,210,"2020","Pacific cod",0,16
247,"RR-1","Rodman Reach",13.6,210,"2020","walleye pollock",0,66
248,"RR-2","Rodman Reach",13.4,210,"2020","Pacific cod",0,3
248,"RR-2","Rodman Reach",13.4,210,"2020","walleye pollock",0,0
249,"RR-4","Rodman Reach",12.9,210,"2020","Pacific cod",0,22
249,"RR-4","Rodman Reach",12.9,210,"2020","walleye pollock",0,67
251,"RR-5","Rodman Reach",14.1,210,"2020","Pacific cod",0,0
251,"RR-5","Rodman Reach",14.1,210,"2020","walleye pollock",0,0
252,"RR-6","Rodman Reach",14,210,"2020","Pacific cod",0,6
252,"RR-6","Rodman Reach",14,210,"2020","walleye pollock",0,0
253,"Jap-2","Japanese",12.2,212,"2020","Pacific cod",0,29
253,"Jap-2","Japanese",12.2,212,"2020","walleye pollock",0,0
254,"Jap-3","Japanese",11.8,212,"2020","Pacific cod",0,332
254,"Jap-3","Japanese",11.8,212,"2020","walleye pollock",0,0
255,"Jap-6","Japanese",11.9,212,"2020","Pacific cod",0,141
255,"Jap-6","Japanese",11.9,212,"2020","walleye pollock",0,0
256,"Jap-1","Japanese",12.6,212,"2020","Pacific cod",0,45
256,"Jap-1","Japanese",12.6,212,"2020","walleye pollock",0,0
257,"Jap-5","Japanese",13.5,212,"2020","Pacific cod",0,48
257,"Jap-5","Japanese",13.5,212,"2020","walleye pollock",0,0
258,"Jap-4","Japanese",13.1,212,"2020","Pacific cod",0,167
258,"Jap-4","Japanese",13.1,212,"2020","walleye pollock",0,0
259,"Kai-1","Kaiugnak",12.1,214,"2020","Pacific cod",0,44
259,"Kai-1","Kaiugnak",12.1,214,"2020","walleye pollock",0,0
260,"Kai-2","Kaiugnak",12.1,214,"2020","Pacific cod",0,636
260,"Kai-2","Kaiugnak",12.1,214,"2020","walleye pollock",0,0
261,"Kai-6","Kaiugnak",11.9,214,"2020","Pacific cod",0,221
261,"Kai-6","Kaiugnak",11.9,214,"2020","walleye pollock",0,0
262,"Kai-3","Kaiugnak",11.3,214,"2020","Pacific cod",0,238
262,"Kai-3","Kaiugnak",11.3,214,"2020","walleye pollock",0,0
263,"Kai-7","Kaiugnak",11.9,214,"2020","Pacific cod",0,5
263,"Kai-7","Kaiugnak",11.9,214,"2020","walleye pollock",0,0
264,"Kai-4","Kaiugnak",12.2,214,"2020","Pacific cod",0,231
264,"Kai-4","Kaiugnak",12.2,214,"2020","walleye pollock",0,0
265,"Kilu-1","Kiluida",12.7,216,"2020","Pacific cod",0,35
265,"Kilu-1","Kiluida",12.7,216,"2020","walleye pollock",0,0
266,"Kilu-2","Kiluida",12.7,216,"2020","Pacific cod",0,12
266,"Kilu-2","Kiluida",12.7,216,"2020","walleye pollock",0,0
267,"Kilu-4","Kiluida",12.5,216,"2020","Pacific cod",0,28
267,"Kilu-4","Kiluida",12.5,216,"2020","walleye pollock",0,0
268,"Kilu-6","Kiluida",12.5,216,"2020","Pacific cod",0,101
268,"Kilu-6","Kiluida",12.5,216,"2020","walleye pollock",0,0
269,"Kilu-5","Kiluida",12.2,216,"2020","Pacific cod",0,181
269,"Kilu-5","Kiluida",12.2,216,"2020","walleye pollock",0,0
270,"Kilu-3","Kiluida",12.8,216,"2020","Pacific cod",0,11
270,"Kilu-3","Kiluida",12.8,216,"2020","walleye pollock",0,0
271,"Ugak-2","Ugak",13.7,220,"2020","Pacific cod",0,0
271,"Ugak-2","Ugak",13.7,220,"2020","walleye pollock",0,0
272,"Ugak-3","Ugak",13.8,220,"2020","Pacific cod",0,0
272,"Ugak-3","Ugak",13.8,220,"2020","walleye pollock",0,0
273,"Ugak-4","Ugak",12.6,220,"2020","Pacific cod",0,2
273,"Ugak-4","Ugak",12.6,220,"2020","walleye pollock",0,0
274,"Ugak-8","Ugak",13.2,220,"2020","Pacific cod",0,0
274,"Ugak-8","Ugak",13.2,220,"2020","walleye pollock",0,0
275,"Ugak-5","Ugak",13.1,220,"2020","Pacific cod",0,0
275,"Ugak-5","Ugak",13.1,220,"2020","walleye pollock",0,0
276,"Ugak-6","Ugak",13.5,220,"2020","Pacific cod",0,7
276,"Ugak-6","Ugak",13.5,220,"2020","walleye pollock",0,0
277,"Ugak-7","Ugak",13.8,220,"2020","Pacific cod",0,0
277,"Ugak-7","Ugak",13.8,220,"2020","walleye pollock",0,0
